-- phpMyAdmin SQL Dump
-- version 2.6.4-pl4
-- http://www.phpmyadmin.net
-- 
-- Serveur: localhost
-- Généré le : Mercredi 22 Mai 2019 à 22:29
-- Version du serveur: 5.0.18
-- Version de PHP: 4.3.11
-- 
-- Base de données: `TVORE`
-- 

-- --------------------------------------------------------

-- 
-- Structure de la table `AVOIR`
-- 

CREATE TABLE `AVOIR` (
  `IdAvoir` int(11) NOT NULL default '0',
  `NumTaille` int(11) NOT NULL default '0',
  `Numcouleur` int(11) NOT NULL default '0',
  PRIMARY KEY  (`IdAvoir`,`NumTaille`,`Numcouleur`),
  KEY `Numcouleur` (`Numcouleur`),
  KEY `NumTaille` (`NumTaille`)
) ENGINE=InnoDB DEFAULT CHARSET=utf8;

-- 
-- Contenu de la table `AVOIR`
-- 


-- --------------------------------------------------------

-- 
-- Structure de la table `CLIENT`
-- 

CREATE TABLE `CLIENT` (
  `IdClient` int(11) NOT NULL auto_increment,
  `NomClient` varchar(255) character set latin1 collate latin1_bin default NULL,
  `PrenomClient` varchar(255) character set latin1 collate latin1_bin default NULL,
  `adresseclient` varchar(255) character set latin1 collate latin1_bin default NULL,
  `CpClient` int(11) default '0',
  `Villeclient` varchar(255) character set latin1 collate latin1_bin default NULL,
  `TelClient` int(11) default '0',
  `MailClient` varchar(255) character set latin1 collate latin1_bin default NULL,
  `MdpClient` varchar(255) character set latin1 collate latin1_bin default NULL,
  PRIMARY KEY  (`IdClient`)
) ENGINE=InnoDB DEFAULT CHARSET=utf8 AUTO_INCREMENT=1 ;

-- 
-- Contenu de la table `CLIENT`
-- 


-- --------------------------------------------------------

-- 
-- Structure de la table `COMMANDE`
-- 

CREATE TABLE `COMMANDE` (
  `IdClient` int(11) NOT NULL default '0',
  `IdTshirt` int(11) NOT NULL default '0',
  `DateHeure` datetime NOT NULL,
  `NombreAchat` int(11) default '0'
) ENGINE=InnoDB DEFAULT CHARSET=utf8;

-- 
-- Contenu de la table `COMMANDE`
-- 


-- --------------------------------------------------------

-- 
-- Structure de la table `COULEUR`
-- 

CREATE TABLE `COULEUR` (
  `numCouleur` int(11) NOT NULL auto_increment,
  `libellecouleur` varchar(255) default NULL,
  PRIMARY KEY  (`numCouleur`)
) ENGINE=InnoDB DEFAULT CHARSET=utf8 AUTO_INCREMENT=12 ;

-- 
-- Contenu de la table `COULEUR`
-- 

INSERT INTO `COULEUR` VALUES (1, 'Noir');
INSERT INTO `COULEUR` VALUES (2, 'Blanc');
INSERT INTO `COULEUR` VALUES (3, 'Gris');
INSERT INTO `COULEUR` VALUES (4, 'Rouge');
INSERT INTO `COULEUR` VALUES (5, 'Bleu');
INSERT INTO `COULEUR` VALUES (6, 'Vert');
INSERT INTO `COULEUR` VALUES (7, 'Jaune');
INSERT INTO `COULEUR` VALUES (8, 'Kaki');
INSERT INTO `COULEUR` VALUES (9, 'Marron');
INSERT INTO `COULEUR` VALUES (10, 'Cyan');
INSERT INTO `COULEUR` VALUES (11, 'Violet');

-- --------------------------------------------------------

-- 
-- Structure de la table `GOODIES`
-- 

CREATE TABLE `GOODIES` (
  `numGoodies` int(11) NOT NULL auto_increment,
  `nomGoodies` varchar(255) character set utf8 default NULL,
  `prixGoodies` decimal(19,4) default '0.0000',
  `photoGoodies` longtext character set utf8,
  `stockGoodies` tinyint(1) default '0',
  PRIMARY KEY  (`numGoodies`)
) ENGINE=InnoDB DEFAULT CHARSET=latin1 AUTO_INCREMENT=1 ;

-- 
-- Contenu de la table `GOODIES`
-- 


-- --------------------------------------------------------

-- 
-- Structure de la table `PHOTO`
-- 

CREATE TABLE `PHOTO` (
  `NumTshirt` int(11) NOT NULL default '0',
  `photo` longtext character set latin1 collate latin1_bin,
  `photoBox` longtext character set latin1 collate latin1_bin,
  `numCouleur` int(11) default NULL,
  PRIMARY KEY  (`NumTshirt`)
) ENGINE=InnoDB DEFAULT CHARSET=utf8;

-- 
-- Contenu de la table `PHOTO`
-- 

INSERT INTO `PHOTO` VALUES (1, 0x3c696d67207372633d2270686f746f732f646576477269732f646576477269732e6a7067223e, 0x3c696d67207372633d2270686f746f732f646576477269732f646576477269732e6a7067223e, NULL);
INSERT INTO `PHOTO` VALUES (2, 0x3c696d67207372633d2270686f746f732f646576477269732f64657647726973322e6a7067223e, NULL, NULL);
INSERT INTO `PHOTO` VALUES (3, 0x3c696d67207372633d2270686f746f732f6465764e6f69722f6465764e6f69722e6a7067223e, NULL, NULL);
INSERT INTO `PHOTO` VALUES (4, 0x3c696d67207372633d2270686f746f732f6465764e6f69722f6465764e6f6972322e6a7067223e, NULL, NULL);
INSERT INTO `PHOTO` VALUES (5, 0x3c696d67207372633d2270686f746f732f6465764d61722f6465764d61722e6a7067223e, NULL, NULL);
INSERT INTO `PHOTO` VALUES (6, 0x3c696d67207372633d2270686f746f732f6465764d61722f6465764d6172322e6a7067223e, NULL, NULL);
INSERT INTO `PHOTO` VALUES (7, 0x3c696d67207372633d2270686f746f732f626f6d62426c65752f626f6d62426c65752e6a7067223e, NULL, NULL);
INSERT INTO `PHOTO` VALUES (8, 0x3c696d67207372633d2270686f746f732f626f6d62426c65752f626f6d62426c6575322e6a7067223e, NULL, NULL);
INSERT INTO `PHOTO` VALUES (9, 0x3c696d67207372633d2270686f746f732f626f6d624b616b692f626f6d624b616b692e6a7067223e, NULL, NULL);
INSERT INTO `PHOTO` VALUES (10, 0x3c696d67207372633d2270686f746f732f626f6d624b616b692f626f6d624b616b69322e6a7067223e, 0x3c696d67207372633d2270686f746f732f626f6d624b616b692f626f6d624b616b69322e6a7067223e, NULL);
INSERT INTO `PHOTO` VALUES (11, 0x3c696d67207372633d2270686f746f732f63616e426c616e632f63616e426c616e632e6a7067223e, NULL, NULL);
INSERT INTO `PHOTO` VALUES (12, 0x3c696d67207372633d2270686f746f732f63616e426c616e632f63616e426c616e63322e6a7067223e, NULL, NULL);
INSERT INTO `PHOTO` VALUES (13, 0x3c696d67207372633d2270686f746f732f63616e477269732f63616e477269732e6a7067223e, NULL, NULL);
INSERT INTO `PHOTO` VALUES (14, 0x3c696d67207372633d2270686f746f732f63616e477269732f63616e47726973322e6a7067223e, NULL, NULL);
INSERT INTO `PHOTO` VALUES (15, 0x3c696d67207372633d2270686f746f732f63616e526f7567652f63616e526f7567652e6a7067223e, 0x3c696d67207372633d2270686f746f732f63616e526f7567652f63616e526f7567652e6a7067223e, NULL);
INSERT INTO `PHOTO` VALUES (16, 0x3c696d67207372633d2270686f746f732f63616e526f7567652f63616e526f756765322e6a7067223e, NULL, NULL);
INSERT INTO `PHOTO` VALUES (17, 0x3c696d67207372633d2270686f746f732f636861757665426c616e632f636861757665426c616e632e6a7067223e, 0x3c696d67207372633d2270686f746f732f636861757665426c616e632f636861757665426c616e632e6a7067223e, NULL);
INSERT INTO `PHOTO` VALUES (18, 0x3c696d67207372633d2270686f746f732f636861757665426c616e632f636861757665426c616e63322e6a7067223e, NULL, NULL);
INSERT INTO `PHOTO` VALUES (19, 0x3c696d67207372633d2270686f746f732f636f72477269732f636f72477269732e6a7067223e, 0x3c696d67207372633d2270686f746f732f636f72477269732f636f72477269732e6a7067223e, NULL);
INSERT INTO `PHOTO` VALUES (20, 0x3c696d67207372633d2270686f746f732f636f72477269732f636f7247726973322e6a7067223e, NULL, NULL);
INSERT INTO `PHOTO` VALUES (21, 0x3c696d67207372633d2270686f746f732f636f72526f7567652f636f72526f7567652e6a7067223e, NULL, NULL);
INSERT INTO `PHOTO` VALUES (22, 0x3c696d67207372633d2270686f746f732f636f72526f7567652f636f72526f756765322e6a7067223e, NULL, NULL);
INSERT INTO `PHOTO` VALUES (23, 0x3c696d67207372633d2270686f746f732f6372616e65426c65752f6372616e65426c65752e6a7067223e, NULL, NULL);
INSERT INTO `PHOTO` VALUES (24, 0x3c696d67207372633d2270686f746f732f6372616e65426c65752f6372616e65426c6575322e6a7067223e, NULL, NULL);
INSERT INTO `PHOTO` VALUES (25, 0x3c696d67207372633d2270686f746f732f6372616e654e6f69722f6372616e654e6f69722e6a7067223e, NULL, NULL);
INSERT INTO `PHOTO` VALUES (26, 0x3c696d67207372633d2270686f746f732f6372616e654e6f69722f6372616e654e6f6972322e6a7067223e, NULL, NULL);
INSERT INTO `PHOTO` VALUES (27, 0x3c696d67207372633d2270686f746f732f6372616e65566572742f6372616e65566572742e6a7067223e, 0x3c696d67207372633d2270686f746f732f6372616e65566572742f6372616e65566572742e6a7067223e, NULL);
INSERT INTO `PHOTO` VALUES (28, 0x3c696d67207372633d2270686f746f732f6372616e65566572742f6372616e6556657274322e6a7067223e, NULL, NULL);
INSERT INTO `PHOTO` VALUES (29, 0x3c696d67207372633d2270686f746f732f646f6374657572426c65752f646f6374657572426c65752e6a7067223e, NULL, NULL);
INSERT INTO `PHOTO` VALUES (30, 0x3c696d67207372633d2270686f746f732f646f6374657572426c65752f646f6374657572426c6575322e6a7067223e, 0x3c696d67207372633d2270686f746f732f646f6374657572426c65752f646f6374657572426c6575322e6a7067223e, NULL);
INSERT INTO `PHOTO` VALUES (31, 0x3c696d67207372633d2270686f746f732f646f6374657572477269732f646f6374657572477269732e6a7067223e, NULL, NULL);
INSERT INTO `PHOTO` VALUES (32, 0x3c696d67207372633d2270686f746f732f646f6374657572477269732f646f637465757247726973322e6a7067223e, NULL, NULL);
INSERT INTO `PHOTO` VALUES (33, 0x3c696d67207372633d2270686f746f732f646f6374657572566572742f646f6374657572566572742e6a7067223e, NULL, NULL);
INSERT INTO `PHOTO` VALUES (34, 0x3c696d67207372633d2270686f746f732f646f6374657572566572742f646f637465757256657274322e6a7067223e, NULL, NULL);
INSERT INTO `PHOTO` VALUES (35, 0x3c696d67207372633d2270686f746f732f646f6e75744d61722f646f6e75744d61722e6a7067223e, NULL, NULL);
INSERT INTO `PHOTO` VALUES (36, 0x3c696d67207372633d2270686f746f732f646f6e75744d61722f646f6e75744d6172322e6a7067223e, 0x3c696d67207372633d2270686f746f732f646f6e75744d61722f646f6e75744d6172322e6a7067223e, NULL);
INSERT INTO `PHOTO` VALUES (37, 0x3c696d67207372633d2270686f746f732f646f6e7574526f7567652f646f6e7574526f756765322e6a7067223e, NULL, NULL);
INSERT INTO `PHOTO` VALUES (38, 0x3c696d67207372633d2270686f746f732f646f6e7574526f7567652f646f6e7574526f756765322e6a7067223e, NULL, NULL);
INSERT INTO `PHOTO` VALUES (39, 0x3c696d67207372633d2270686f746f732f647261676f6e477269732f647261676f6e477269732e6a7067223e, NULL, NULL);
INSERT INTO `PHOTO` VALUES (40, 0x3c696d67207372633d2270686f746f732f647261676f6e477269732f647261676f6e47726973322e6a7067223e, NULL, NULL);
INSERT INTO `PHOTO` VALUES (41, 0x3c696d67207372633d2270686f746f732f647261676f6e4e6f69722f647261676f6e4e6f69722e6a7067223e, 0x3c696d67207372633d2270686f746f732f647261676f6e4e6f69722f647261676f6e4e6f69722e6a7067223e, NULL);
INSERT INTO `PHOTO` VALUES (42, 0x3c696d67207372633d2270686f746f732f647261676f6e4e6f69722f647261676f6e4e6f6972322e6a7067223e, NULL, NULL);
INSERT INTO `PHOTO` VALUES (43, 0x3c696d67207372633d2270686f746f732f66656564426c65752f66656564426c65752e6a7067223e, 0x3c696d67207372633d2270686f746f732f66656564426c65752f66656564426c65752e6a7067223e, NULL);
INSERT INTO `PHOTO` VALUES (44, 0x3c696d67207372633d2270686f746f732f66656564426c65752f66656564426c6575322e6a7067223e, NULL, NULL);
INSERT INTO `PHOTO` VALUES (45, 0x3c696d67207372633d2270686f746f732f66656564426c616e632f66656564426c616e632e6a7067223e, NULL, NULL);
INSERT INTO `PHOTO` VALUES (46, 0x3c696d67207372633d2270686f746f732f66656564426c616e632f66656564426c616e63322e6a7067223e, NULL, NULL);
INSERT INTO `PHOTO` VALUES (47, 0x3c696d67207372633d2270686f746f732f667269656e6473426c65752f667269656e6473426c65752e6a7067223e, NULL, NULL);
INSERT INTO `PHOTO` VALUES (48, 0x3c696d67207372633d2270686f746f732f667269656e6473426c65752f667269656e6473426c6575322e6a7067223e, NULL, NULL);
INSERT INTO `PHOTO` VALUES (49, 0x3c696d67207372633d2270686f746f732f667269656e6473477269732f667269656e6473477269732e6a7067223e, NULL, NULL);
INSERT INTO `PHOTO` VALUES (50, 0x3c696d67207372633d2270686f746f732f667269656e6473477269732f667269656e647347726973322e6a7067223e, 0x3c696d67207372633d2270686f746f732f667269656e6473477269732f667269656e647347726973322e6a7067223e, NULL);
INSERT INTO `PHOTO` VALUES (51, 0x3c696d67207372633d2270686f746f732f68697056696f6c65742f68697056696f6c65742e6a7067223e, 0x3c696d67207372633d2270686f746f732f68697056696f6c65742f68697056696f6c65742e6a7067223e, NULL);
INSERT INTO `PHOTO` VALUES (52, 0x3c696d67207372633d2270686f746f732f68697056696f6c65742f68697056696f6c6574322e6a7067223e, NULL, NULL);
INSERT INTO `PHOTO` VALUES (53, 0x3c696d67207372633d2270686f746f732f686970426c616e632f686970426c616e632e6a7067223e, NULL, NULL);
INSERT INTO `PHOTO` VALUES (54, 0x3c696d67207372633d2270686f746f732f686970426c616e632f686970426c616e63322e6a7067223e, NULL, NULL);
INSERT INTO `PHOTO` VALUES (55, 0x3c696d67207372633d2270686f746f732f6869704e6f69722f6869704e6f69722e6a7067223e, NULL, NULL);
INSERT INTO `PHOTO` VALUES (56, 0x3c696d67207372633d2270686f746f732f6869704e6f69722f6869704e6f6972322e6a7067223e, NULL, NULL);
INSERT INTO `PHOTO` VALUES (57, 0x3c696d67207372633d2270686f746f732f6a6f6b65724e6f69722f6a6f6b65724e6f69722e6a7067223e, NULL, NULL);
INSERT INTO `PHOTO` VALUES (58, 0x3c696d67207372633d2270686f746f732f6a6f6b65724e6f69722f6a6f6b65724e6f6972322e6a7067223e, NULL, NULL);
INSERT INTO `PHOTO` VALUES (59, 0x3c696d67207372633d2270686f746f732f6a6f6b6572566572742f6a6f6b6572566572742e6a7067223e, 0x3c696d67207372633d2270686f746f732f6a6f6b6572566572742f6a6f6b6572566572742e6a7067223e, NULL);
INSERT INTO `PHOTO` VALUES (60, 0x3c696d67207372633d2270686f746f732f6a6f6b6572566572742f6a6f6b657256657274322e6a7067223e, NULL, NULL);
INSERT INTO `PHOTO` VALUES (61, 0x3c696d67207372633d2270686f746f732f6c69636f726e65426c616e632f6c69636f726e65426c616e632e6a7067223e, NULL, NULL);
INSERT INTO `PHOTO` VALUES (62, 0x3c696d67207372633d2270686f746f732f6c69636f726e65426c616e632f6c69636f726e65426c616e63322e6a7067223e, 0x3c696d67207372633d2270686f746f732f6c69636f726e65426c616e632f6c69636f726e65426c616e63322e6a7067223e, NULL);
INSERT INTO `PHOTO` VALUES (63, 0x3c696d67207372633d2270686f746f732f6c69636f726e65526f7567652f6c69636f726e65526f7567652e6a7067223e, NULL, NULL);
INSERT INTO `PHOTO` VALUES (64, 0x3c696d67207372633d2270686f746f732f6c69636f726e65526f7567652f6c69636f726e65526f756765322e6a7067223e, NULL, NULL);
INSERT INTO `PHOTO` VALUES (65, 0x3c696d67207372633d2270686f746f732f6c69636f726e65566572742f6c69636f726e65566572742e6a7067223e, NULL, NULL);
INSERT INTO `PHOTO` VALUES (66, 0x3c696d67207372633d2270686f746f732f6c69636f726e65566572742f6c69636f726e6556657274322e6a7067223e, NULL, NULL);
INSERT INTO `PHOTO` VALUES (67, 0x3c696d67207372633d2270686f746f732f6c696e6b426c616e632f6c696e6b426c616e632e6a7067223e, NULL, NULL);
INSERT INTO `PHOTO` VALUES (68, 0x3c696d67207372633d2270686f746f732f6c696e6b426c616e632f6c696e6b426c616e63322e6a7067223e, NULL, NULL);
INSERT INTO `PHOTO` VALUES (69, 0x3c696d67207372633d2270686f746f732f6c696e6b426c65752f6c696e6b426c65752e6a7067223e, 0x3c696d67207372633d2270686f746f732f6c696e6b426c65752f6c696e6b426c65752e6a7067223e, NULL);
INSERT INTO `PHOTO` VALUES (70, 0x3c696d67207372633d2270686f746f732f6c696e6b426c65752f6c696e6b426c6575322e6a7067223e, NULL, NULL);
INSERT INTO `PHOTO` VALUES (71, 0x3c696d67207372633d2270686f746f732f6c6f7472426c616e632f6c6f7472426c616e632e6a7067223e, 0x3c696d67207372633d2270686f746f732f6c6f7472426c616e632f6c6f7472426c616e632e6a7067223e, NULL);
INSERT INTO `PHOTO` VALUES (72, 0x3c696d67207372633d2270686f746f732f6c6f7472426c616e632f6c6f7472426c616e63322e6a7067223e, NULL, NULL);
INSERT INTO `PHOTO` VALUES (73, 0x3c696d67207372633d2270686f746f732f6c6f7472566572742f6c6f7472566572742e6a7067223e, NULL, NULL);
INSERT INTO `PHOTO` VALUES (74, 0x3c696d67207372633d2270686f746f732f6c6f7472566572742f6c6f747256657274322e6a7067223e, NULL, NULL);
INSERT INTO `PHOTO` VALUES (75, 0x3c696d67207372633d2270686f746f732f6d616a6f426c65752f6d616a6f426c65752e6a7067223e, NULL, NULL);
INSERT INTO `PHOTO` VALUES (76, 0x3c696d67207372633d2270686f746f732f6d616a6f426c65752f6d616a6f426c6575322e6a7067223e, NULL, NULL);
INSERT INTO `PHOTO` VALUES (77, 0x3c696d67207372633d2270686f746f732f6d616a6f477269732f6d616a6f477269732e6a7067223e, NULL, NULL);
INSERT INTO `PHOTO` VALUES (78, 0x3c696d67207372633d2270686f746f732f6d616a6f477269732f6d616a6f47726973322e6a7067223e, NULL, NULL);
INSERT INTO `PHOTO` VALUES (79, 0x3c696d67207372633d2270686f746f732f6d616a6f4b616b692f6d616a6f4b616b692e6a7067223e, 0x3c696d67207372633d2270686f746f732f6d616a6f4b616b692f6d616a6f4b616b692e6a7067223e, NULL);
INSERT INTO `PHOTO` VALUES (80, 0x3c696d67207372633d2270686f746f732f6d616a6f4b616b692f6d616a6f4b616b69322e6a7067223e, NULL, NULL);
INSERT INTO `PHOTO` VALUES (81, 0x3c696d67207372633d2270686f746f732f6d6565732f6d6565732e6a7067223e, NULL, NULL);
INSERT INTO `PHOTO` VALUES (82, 0x3c696d67207372633d2270686f746f732f6d6565732f6d656573322e6a7067223e, 0x3c696d67207372633d2270686f746f732f6d6565732f6d656573322e6a7067223e, NULL);
INSERT INTO `PHOTO` VALUES (83, 0x3c696d67207372633d2270686f746f732f6d6f7274477269732f6d6f7274477269732e6a7067223e, NULL, NULL);
INSERT INTO `PHOTO` VALUES (84, 0x3c696d67207372633d2270686f746f732f6d6f7274477269732f6d6f727447726973322e6a7067223e, NULL, NULL);
INSERT INTO `PHOTO` VALUES (85, 0x3c696d67207372633d2270686f746f732f6d6f7274526f7567652f6d6f7274526f7567652e6a7067223e, 0x3c696d67207372633d2270686f746f732f6d6f7274526f7567652f6d6f7274526f7567652e6a7067223e, NULL);
INSERT INTO `PHOTO` VALUES (86, 0x3c696d67207372633d2270686f746f732f6d6f7274526f7567652f6d6f7274526f756765322e6a7067223e, NULL, NULL);
INSERT INTO `PHOTO` VALUES (87, 0x3c696d67207372633d2270686f746f732f6d6f727456696f6c65742f6d6f727456696f6c65742e6a7067223e, NULL, NULL);
INSERT INTO `PHOTO` VALUES (88, 0x3c696d67207372633d2270686f746f732f6d6f727456696f6c65742f6d6f727456696f6c6574322e6a7067223e, NULL, NULL);
INSERT INTO `PHOTO` VALUES (89, 0x3c696d67207372633d2270686f746f732f6e657264426c616e632f6e657264426c616e632e6a7067223e, 0x3c696d67207372633d2270686f746f732f6e657264426c616e632f6e657264426c616e632e6a7067223e, NULL);
INSERT INTO `PHOTO` VALUES (90, 0x3c696d67207372633d2270686f746f732f6e657264426c616e632f6e657264426c616e63322e6a7067223e, NULL, NULL);
INSERT INTO `PHOTO` VALUES (91, 0x3c696d67207372633d2270686f746f732f6e657264426c65752f6e657264426c65752e6a7067223e, NULL, NULL);
INSERT INTO `PHOTO` VALUES (92, 0x3c696d67207372633d2270686f746f732f6e657264426c65752f6e657264426c6575322e6a7067223e, NULL, NULL);
INSERT INTO `PHOTO` VALUES (93, 0x3c696d67207372633d2270686f746f732f706174726f426c65752f706174726f426c65752e6a7067223e, 0x3c696d67207372633d2270686f746f732f706174726f426c65752f706174726f426c65752e6a7067223e, NULL);
INSERT INTO `PHOTO` VALUES (94, 0x3c696d67207372633d2270686f746f732f706174726f426c65752f706174726f426c6575322e6a7067223e, NULL, NULL);
INSERT INTO `PHOTO` VALUES (95, 0x3c696d67207372633d2270686f746f732f706174726f4379616e2f706174726f4379616e2e6a7067223e, NULL, NULL);
INSERT INTO `PHOTO` VALUES (96, 0x3c696d67207372633d2270686f746f732f706174726f4379616e2f706174726f4379616e322e6a7067223e, NULL, NULL);
INSERT INTO `PHOTO` VALUES (97, 0x3c696d67207372633d2270686f746f732f706174726f4e6f69722f706174726f4e6f69722e6a7067223e, NULL, NULL);
INSERT INTO `PHOTO` VALUES (98, 0x3c696d67207372633d2270686f746f732f706174726f4e6f69722f706174726f4e6f6972322e6a7067223e, NULL, NULL);
INSERT INTO `PHOTO` VALUES (99, 0x3c696d67207372633d2270686f746f732f72656c426c65752f72656c426c65752e6a7067223e, NULL, NULL);
INSERT INTO `PHOTO` VALUES (100, 0x3c696d67207372633d2270686f746f732f72656c426c65752f72656c426c6575322e6a7067223e, NULL, NULL);
INSERT INTO `PHOTO` VALUES (101, 0x3c696d67207372633d2270686f746f732f72656c477269732f72656c477269732e6a7067223e, NULL, NULL);
INSERT INTO `PHOTO` VALUES (102, 0x3c696d67207372633d2270686f746f732f72656c477269732f72656c47726973322e6a7067223e, NULL, NULL);
INSERT INTO `PHOTO` VALUES (103, 0x3c696d67207372633d2270686f746f732f72656c4e6f69722f72656c4e6f69722e6a7067223e, 0x3c696d67207372633d2270686f746f732f72656c4e6f69722f72656c4e6f69722e6a7067223e, NULL);
INSERT INTO `PHOTO` VALUES (104, 0x3c696d67207372633d2270686f746f732f72656c4e6f69722f72656c4e6f6972322e6a7067223e, NULL, NULL);
INSERT INTO `PHOTO` VALUES (105, 0x3c696d67207372633d2270686f746f732f73696e6765426c616e632f73696e6765426c616e632e6a7067223e, 0x3c696d67207372633d2270686f746f732f73696e6765426c616e632f73696e6765426c616e632e6a7067223e, NULL);
INSERT INTO `PHOTO` VALUES (106, 0x3c696d67207372633d2270686f746f732f73696e6765426c616e632f73696e6765426c616e63322e6a7067223e, NULL, NULL);
INSERT INTO `PHOTO` VALUES (107, 0x3c696d67207372633d2270686f746f732f73757266426c65752f73757266426c65752e6a7067223e, NULL, NULL);
INSERT INTO `PHOTO` VALUES (108, 0x3c696d67207372633d2270686f746f732f73757266426c65752f73757266426c6575322e6a7067223e, NULL, NULL);
INSERT INTO `PHOTO` VALUES (109, 0x3c696d67207372633d2270686f746f732f73757266477269732f73757266477269732e6a7067223e, NULL, NULL);
INSERT INTO `PHOTO` VALUES (110, 0x3c696d67207372633d2270686f746f732f73757266477269732f7375726647726973322e6a7067223e, NULL, NULL);
INSERT INTO `PHOTO` VALUES (111, 0x3c696d67207372633d2270686f746f732f737572664e6f69722f737572664e6f69722e6a7067223e, 0x3c696d67207372633d2270686f746f732f737572664e6f69722f737572664e6f69722e6a7067223e, NULL);
INSERT INTO `PHOTO` VALUES (112, 0x3c696d67207372633d2270686f746f732f737572664e6f69722f737572664e6f6972322e6a7067223e, NULL, NULL);
INSERT INTO `PHOTO` VALUES (113, 0x3c696d67207372633d2270686f746f732f7761736e74477269732f7761736e74477269732e6a7067223e, NULL, NULL);
INSERT INTO `PHOTO` VALUES (114, 0x3c696d67207372633d2270686f746f732f7761736e74477269732f7761736e7447726973322e6a7067223e, NULL, NULL);
INSERT INTO `PHOTO` VALUES (115, 0x3c696d67207372633d2270686f746f732f7761736e74526f7567652f7761736e74526f7567652e6a7067223e, NULL, NULL);
INSERT INTO `PHOTO` VALUES (116, 0x3c696d67207372633d2270686f746f732f7761736e74526f7567652f7761736e74526f756765322e6a7067223e, NULL, NULL);
INSERT INTO `PHOTO` VALUES (117, 0x3c696d67207372633d2270686f746f732f7761736e7456696f6c65742f7761736e7456696f6c65742e6a7067223e, 0x3c696d67207372633d2270686f746f732f7761736e7456696f6c65742f7761736e7456696f6c65742e6a7067223e, NULL);
INSERT INTO `PHOTO` VALUES (118, 0x3c696d67207372633d2270686f746f732f7761736e7456696f6c65742f7761736e7456696f6c6574322e6a7067223e, NULL, NULL);
INSERT INTO `PHOTO` VALUES (119, 0x3c696d67207372633d2270686f746f732f776f6e646572426c65752f776f6e646572426c65752e6a7067223e, NULL, NULL);
INSERT INTO `PHOTO` VALUES (120, 0x3c696d67207372633d2270686f746f732f776f6e646572426c65752f776f6e646572426c6575322e6a7067223e, 0x3c696d67207372633d2270686f746f732f776f6e646572426c65752f776f6e646572426c6575322e6a7067223e, NULL);
INSERT INTO `PHOTO` VALUES (121, 0x3c696d67207372633d2270686f746f732f776f6e646572477269732f776f6e646572477269732e6a7067223e, NULL, NULL);
INSERT INTO `PHOTO` VALUES (122, 0x3c696d67207372633d2270686f746f732f776f6e646572477269732f776f6e64657247726973322e6a7067223e, NULL, NULL);
INSERT INTO `PHOTO` VALUES (123, 0x3c696d67207372633d2270686f746f732f7a6f6d626965426c616e632f7a6f6d626965426c616e632e6a7067223e, 0x3c696d67207372633d2270686f746f732f7a6f6d626965426c616e632f7a6f6d626965426c616e632e6a7067223e, NULL);
INSERT INTO `PHOTO` VALUES (124, 0x3c696d67207372633d2270686f746f732f7a6f6d626965426c616e632f7a6f6d626965426c616e63322e6a7067223e, NULL, NULL);
INSERT INTO `PHOTO` VALUES (125, 0x3c696d67207372633d2270686f746f732f7a6f6d6269654e6f69722f7a6f6d6269654e6f69722e6a7067223e, NULL, NULL);
INSERT INTO `PHOTO` VALUES (126, 0x3c696d67207372633d2270686f746f732f7a6f6d6269654e6f69722f7a6f6d6269654e6f6972322e6a7067223e, NULL, NULL);
INSERT INTO `PHOTO` VALUES (127, 0x3c696d67207372633d2270686f746f732f7a6f6d626965526f7567652f7a6f6d626965526f7567652e6a7067223e, NULL, NULL);
INSERT INTO `PHOTO` VALUES (128, 0x3c696d67207372633d2270686f746f732f7a6f6d626965526f7567652f7a6f6d626965526f756765322e6a7067223e, NULL, NULL);

-- --------------------------------------------------------

-- 
-- Structure de la table `REFTSHIRT`
-- 

CREATE TABLE `REFTSHIRT` (
  `numRef` int(11) NOT NULL,
  `NumTshirt` int(11) NOT NULL,
  `numCouleur` int(11) NOT NULL,
  `numTaille` int(11) NOT NULL,
  PRIMARY KEY  (`numRef`)
) ENGINE=InnoDB DEFAULT CHARSET=latin1 COLLATE=latin1_bin;

-- 
-- Contenu de la table `REFTSHIRT`
-- 


-- --------------------------------------------------------

-- 
-- Structure de la table `TAILLE`
-- 

CREATE TABLE `TAILLE` (
  `numTaille` int(11) NOT NULL auto_increment,
  `libelletaille` varchar(255) default NULL,
  PRIMARY KEY  (`numTaille`)
) ENGINE=InnoDB DEFAULT CHARSET=utf8 AUTO_INCREMENT=9 ;

-- 
-- Contenu de la table `TAILLE`
-- 

INSERT INTO `TAILLE` VALUES (1, 'S');
INSERT INTO `TAILLE` VALUES (2, 'M');
INSERT INTO `TAILLE` VALUES (3, 'L');
INSERT INTO `TAILLE` VALUES (4, 'XL');
INSERT INTO `TAILLE` VALUES (5, 'XXL');
INSERT INTO `TAILLE` VALUES (6, '3XL');
INSERT INTO `TAILLE` VALUES (7, '4XL');
INSERT INTO `TAILLE` VALUES (8, '5XL');

-- --------------------------------------------------------

-- 
-- Structure de la table `TSHIRT`
-- 

CREATE TABLE `TSHIRT` (
  `NumTshirt` int(11) NOT NULL auto_increment,
  `nomtshirt` varchar(255) character set latin1 collate latin1_bin default NULL,
  `prix` decimal(19,2) default '0.00',
  `numCouleur` int(11) default '0',
  `numTaille` int(11) default '0',
  `photo` longtext character set latin1 collate latin1_bin,
  `stock` tinyint(1) default '0',
  `numsexe` int(11) default '0',
  PRIMARY KEY  (`NumTshirt`),
  KEY `numcouleur` (`numCouleur`),
  KEY `numtaille` (`numTaille`),
  KEY `nomtshirt` (`nomtshirt`),
  KEY `nomtshirt_2` (`nomtshirt`)
) ENGINE=InnoDB DEFAULT CHARSET=utf8 AUTO_INCREMENT=129 ;

-- 
-- Contenu de la table `TSHIRT`
-- 

INSERT INTO `TSHIRT` VALUES (1, 0x542d73686972742044c383c2a976656c6f7070657572, '19.99', 3, 3, 0x3c696d67207372633d2270686f746f732f646576477269732f646576477269732e6a7067223e, 10, 1);
INSERT INTO `TSHIRT` VALUES (2, 0x542d73686972742044c383c2a976656c6f7070657572, '19.99', 3, 3, 0x3c696d67207372633d2270686f746f732f646576477269732f64657647726973322e6a7067223e, 10, 1);
INSERT INTO `TSHIRT` VALUES (3, 0x542d73686972742044c383c2a976656c6f7070657572, '19.99', 1, 3, 0x3c696d67207372633d2270686f746f732f6465764e6f69722f6465764e6f69722e6a7067223e, 10, 1);
INSERT INTO `TSHIRT` VALUES (4, 0x542d73686972742044c383c2a976656c6f7070657572, '19.99', 1, 3, 0x3c696d67207372633d2270686f746f732f6465764e6f69722f6465764e6f6972322e6a7067223e, 10, 1);
INSERT INTO `TSHIRT` VALUES (5, 0x542d73686972742044c383c2a976656c6f7070657572, '19.99', 9, 3, 0x3c696d67207372633d2270686f746f732f6465764d61722f6465764d61722e6a7067223e, 10, 1);
INSERT INTO `TSHIRT` VALUES (6, 0x542d73686972742044c383c2a976656c6f7070657572, '19.99', 9, 3, 0x3c696d67207372633d2270686f746f732f6465764d61722f6465764d6172322e6a7067223e, 10, 1);
INSERT INTO `TSHIRT` VALUES (7, 0x542d736869727420426f622d6f6d62, '24.99', 5, 3, 0x3c696d67207372633d2270686f746f732f626f6d62426c65752f626f6d62426c65752e6a7067223e, 10, 1);
INSERT INTO `TSHIRT` VALUES (8, 0x542d736869727420426f622d6f6d62, '24.99', 5, 3, 0x3c696d67207372633d2270686f746f732f626f6d62426c65752f626f6d62426c6575322e6a7067223e, 10, 1);
INSERT INTO `TSHIRT` VALUES (9, 0x542d736869727420426f622d6f6d62, '24.99', 8, 3, 0x3c696d67207372633d2270686f746f732f626f6d624b616b692f626f6d624b616b692e6a7067223e, 10, 1);
INSERT INTO `TSHIRT` VALUES (10, 0x542d736869727420426f622d6f6d62, '24.99', 8, 3, 0x3c696d67207372633d2270686f746f732f626f6d624b616b692f626f6d624b616b69322e6a7067223e, 10, 1);
INSERT INTO `TSHIRT` VALUES (11, 0x542d73686972742043616e61726965, '22.99', 2, 3, 0x3c696d67207372633d2270686f746f732f63616e426c616e632f63616e426c616e632e6a7067223e, 10, 2);
INSERT INTO `TSHIRT` VALUES (12, 0x542d73686972742043616e61726965, '22.99', 2, 3, 0x3c696d67207372633d2270686f746f732f63616e426c616e632f63616e426c616e63322e6a7067223e, 10, 2);
INSERT INTO `TSHIRT` VALUES (13, 0x542d73686972742043616e61726965, '22.99', 3, 3, 0x3c696d67207372633d2270686f746f732f63616e477269732f63616e477269732e6a7067223e, 10, 2);
INSERT INTO `TSHIRT` VALUES (14, 0x542d73686972742043616e61726965, '22.99', 3, 3, 0x3c696d67207372633d2270686f746f732f63616e477269732f63616e47726973322e6a7067223e, 10, 2);
INSERT INTO `TSHIRT` VALUES (15, 0x542d73686972742043616e61726965, '22.99', 4, 3, 0x3c696d67207372633d2270686f746f732f63616e526f7567652f63616e526f7567652e6a7067223e, 10, 2);
INSERT INTO `TSHIRT` VALUES (16, 0x542d73686972742043616e61726965, '22.99', 4, 3, 0x3c696d67207372633d2270686f746f732f63616e526f7567652f63616e526f756765322e6a7067223e, 10, 2);
INSERT INTO `TSHIRT` VALUES (17, 0x542d7368697274204368617576652d536f75726973, '24.99', 2, 3, 0x3c696d67207372633d2270686f746f732f636861757665426c616e632f636861757665426c616e632e6a7067223e, 10, 1);
INSERT INTO `TSHIRT` VALUES (18, 0x542d7368697274204368617576652d536f75726973, '24.99', 2, 3, 0x3c696d67207372633d2270686f746f732f636861757665426c616e632f636861757665426c616e63322e6a7067223e, 10, 1);
INSERT INTO `TSHIRT` VALUES (19, 0x542d736869727420436f7262656175, '24.99', 3, 3, 0x3c696d67207372633d2270686f746f732f636f72477269732f636f72477269732e6a7067223e, 10, 2);
INSERT INTO `TSHIRT` VALUES (20, 0x542d736869727420436f7262656175, '24.99', 3, 3, 0x3c696d67207372633d2270686f746f732f636f72477269732f636f7247726973322e6a7067223e, 10, 2);
INSERT INTO `TSHIRT` VALUES (21, 0x542d736869727420436f7262656175, '24.99', 4, 3, 0x3c696d67207372633d2270686f746f732f636f72526f7567652f636f72526f7567652e6a7067223e, 10, 2);
INSERT INTO `TSHIRT` VALUES (22, 0x542d736869727420436f7262656175, '24.99', 4, 3, 0x3c696d67207372633d2270686f746f732f636f72526f7567652f636f72526f756765322e6a7067223e, 10, 2);
INSERT INTO `TSHIRT` VALUES (23, 0x542d7368697274204372c383c2a26e65, '19.99', 5, 3, 0x3c696d67207372633d2270686f746f732f6372616e65426c65752f6372616e65426c65752e6a7067223e, 10, 2);
INSERT INTO `TSHIRT` VALUES (24, 0x542d7368697274204372c383c2a26e65, '19.99', 5, 3, 0x3c696d67207372633d2270686f746f732f6372616e65426c65752f6372616e65426c6575322e6a7067223e, 10, 2);
INSERT INTO `TSHIRT` VALUES (25, 0x542d7368697274204372c383c2a26e65, '19.99', 1, 3, 0x3c696d67207372633d2270686f746f732f6372616e654e6f69722f6372616e654e6f69722e6a7067223e, 10, 2);
INSERT INTO `TSHIRT` VALUES (26, 0x542d7368697274204372c383c2a26e65, '19.99', 1, 3, 0x3c696d67207372633d2270686f746f732f6372616e654e6f69722f6372616e654e6f6972322e6a7067223e, 10, 2);
INSERT INTO `TSHIRT` VALUES (27, 0x542d7368697274204372c383c2a26e65, '19.99', 6, 3, 0x3c696d67207372633d2270686f746f732f6372616e65566572742f6372616e65566572742e6a7067223e, 10, 2);
INSERT INTO `TSHIRT` VALUES (28, 0x542d7368697274204372c383c2a26e65, '19.99', 6, 3, 0x3c696d67207372633d2270686f746f732f6372616e65566572742f6372616e6556657274322e6a7067223e, 10, 2);
INSERT INTO `TSHIRT` VALUES (29, 0x542d736869727420446f63746575722d57686f, '26.99', 5, 3, 0x3c696d67207372633d2270686f746f732f646f6374657572426c65752f646f6374657572426c65752e6a7067223e, 10, 1);
INSERT INTO `TSHIRT` VALUES (30, 0x542d736869727420446f63746575722d57686f, '26.99', 5, 3, 0x3c696d67207372633d2270686f746f732f646f6374657572426c65752f646f6374657572426c6575322e6a7067223e, 10, 1);
INSERT INTO `TSHIRT` VALUES (31, 0x542d736869727420446f63746575722d57686f, '26.99', 3, 3, 0x3c696d67207372633d2270686f746f732f646f6374657572477269732f646f6374657572477269732e6a7067223e, 10, 1);
INSERT INTO `TSHIRT` VALUES (32, 0x542d736869727420446f63746575722d57686f, '26.99', 3, 3, 0x3c696d67207372633d2270686f746f732f646f6374657572477269732f646f637465757247726973322e6a7067223e, 10, 1);
INSERT INTO `TSHIRT` VALUES (33, 0x542d736869727420446f63746575722d57686f, '26.99', 6, 3, 0x3c696d67207372633d2270686f746f732f646f6374657572566572742f646f6374657572566572742e6a7067223e, 10, 1);
INSERT INTO `TSHIRT` VALUES (34, 0x542d736869727420446f63746575722d57686f, '26.99', 6, 3, 0x3c696d67207372633d2270686f746f732f646f6374657572566572742f646f637465757256657274322e6a7067223e, 10, 1);
INSERT INTO `TSHIRT` VALUES (35, 0x542d7368697274204162646f732d446f6e757473, '24.99', 9, 3, 0x3c696d67207372633d2270686f746f732f646f6e75744d61722f646f6e75744d61722e6a7067223e, 10, 1);
INSERT INTO `TSHIRT` VALUES (36, 0x542d7368697274204162646f732d446f6e757473, '24.99', 9, 3, 0x3c696d67207372633d2270686f746f732f646f6e75744d61722f646f6e75744d6172322e6a7067223e, 10, 1);
INSERT INTO `TSHIRT` VALUES (37, 0x542d7368697274204162646f732d446f6e757473, '24.99', 4, 3, 0x3c696d67207372633d2270686f746f732f646f6e7574526f7567652f646f6e7574526f756765322e6a7067223e, 10, 1);
INSERT INTO `TSHIRT` VALUES (38, 0x542d7368697274204162646f732d446f6e757473, '24.99', 4, 3, 0x3c696d67207372633d2270686f746f732f646f6e7574526f7567652f646f6e7574526f756765322e6a7067223e, 10, 1);
INSERT INTO `TSHIRT` VALUES (39, 0x542d5368697274204d696e692d447261676f6e7320, '19.99', 3, 3, 0x3c696d67207372633d2270686f746f732f647261676f6e477269732f647261676f6e477269732e6a7067223e, 10, 2);
INSERT INTO `TSHIRT` VALUES (40, 0x542d7368697274204d696e692d447261676f6e73, '19.99', 3, 3, 0x3c696d67207372633d2270686f746f732f647261676f6e477269732f647261676f6e47726973322e6a7067223e, 10, 2);
INSERT INTO `TSHIRT` VALUES (41, 0x542d5368697274204d696e692d447261676f6e7320, '19.99', 1, 3, 0x3c696d67207372633d2270686f746f732f647261676f6e4e6f69722f647261676f6e4e6f69722e6a7067223e, 10, 2);
INSERT INTO `TSHIRT` VALUES (42, 0x542d7368697274204d696e692d447261676f6e73, '19.99', 1, 3, 0x3c696d67207372633d2270686f746f732f647261676f6e4e6f69722f647261676f6e4e6f6972322e6a7067223e, 10, 2);
INSERT INTO `TSHIRT` VALUES (43, 0x542d5368697274204e6f7572726973206d6f69202120, '26.99', 5, 3, 0x3c696d67207372633d2270686f746f732f66656564426c65752f66656564426c65752e6a7067223e, 10, 2);
INSERT INTO `TSHIRT` VALUES (44, 0x542d7368697274204e6f7572726973204d6f692021, '26.99', 5, 3, 0x3c696d67207372633d2270686f746f732f66656564426c65752f66656564426c6575322e6a7067223e, 10, 2);
INSERT INTO `TSHIRT` VALUES (45, 0x542d5368697274204e6f7572726973204d6f69202120, '26.99', 2, 3, 0x3c696d67207372633d2270686f746f732f66656564426c616e632f66656564426c616e632e6a7067223e, 10, 2);
INSERT INTO `TSHIRT` VALUES (46, 0x542d7368697274204e6f7572726973204d6f692021, '26.99', 2, 3, 0x3c696d67207372633d2270686f746f732f66656564426c616e632f66656564426c616e63322e6a7067223e, 10, 2);
INSERT INTO `TSHIRT` VALUES (47, 0x542d7368697274205374796c6520462e522e492e452e4e2e442e53, '24.99', 5, 3, 0x3c696d67207372633d2270686f746f732f667269656e6473426c65752f667269656e6473426c65752e6a7067223e, 10, 1);
INSERT INTO `TSHIRT` VALUES (48, 0x542d7368697274205374796c6520462e522e492e452e4e2e442e53, '24.99', 5, 3, 0x3c696d67207372633d2270686f746f732f667269656e6473426c65752f667269656e6473426c6575322e6a7067223e, 10, 1);
INSERT INTO `TSHIRT` VALUES (49, 0x542d7368697274205374796c6520462e522e492e452e4e2e442e53, '24.00', 3, 3, 0x3c696d67207372633d2270686f746f732f667269656e6473477269732f667269656e6473477269732e6a7067223e, 10, 1);
INSERT INTO `TSHIRT` VALUES (50, 0x542d7368697274205374796c6520462e522e492e452e4e2e442e53, '24.99', 3, 3, 0x3c696d67207372633d2270686f746f732f667269656e6473477269732f667269656e647347726973322e6a7067223e, 10, 1);
INSERT INTO `TSHIRT` VALUES (51, 0x542d7368697274204869702d486f70, '24.99', 11, 3, 0x3c696d67207372633d2270686f746f732f68697056696f6c65742f68697056696f6c65742e6a7067223e, 10, 2);
INSERT INTO `TSHIRT` VALUES (52, 0x542d7368697274204869702d486f70, '24.99', 11, 3, 0x3c696d67207372633d2270686f746f732f68697056696f6c65742f68697056696f6c6574322e6a7067223e, 10, 2);
INSERT INTO `TSHIRT` VALUES (53, 0x542d7368697274204869702d486f70, '24.99', 2, 3, 0x3c696d67207372633d2270686f746f732f686970426c616e632f686970426c616e632e6a7067223e, 10, 2);
INSERT INTO `TSHIRT` VALUES (54, 0x542d7368697274204869702d486f70, '24.99', 2, 3, 0x3c696d67207372633d2270686f746f732f686970426c616e632f686970426c616e63322e6a7067223e, 10, 2);
INSERT INTO `TSHIRT` VALUES (55, 0x542d7368697274204869702d486f70, '24.99', 1, 3, 0x3c696d67207372633d2270686f746f732f6869704e6f69722f6869704e6f69722e6a7067223e, 10, 2);
INSERT INTO `TSHIRT` VALUES (56, 0x542d7368697274204869702d486f70, '24.99', 1, 3, 0x3c696d67207372633d2270686f746f732f6869704e6f69722f6869704e6f6972322e6a7067223e, 10, 2);
INSERT INTO `TSHIRT` VALUES (57, 0x542d7368697274204a6f6b6572, '24.99', 1, 3, 0x3c696d67207372633d2270686f746f732f6a6f6b65724e6f69722f6a6f6b65724e6f69722e6a7067223e, 10, 1);
INSERT INTO `TSHIRT` VALUES (58, 0x542d7368697274204a6f6b6572, '24.99', 1, 3, 0x3c696d67207372633d2270686f746f732f6a6f6b65724e6f69722f6a6f6b65724e6f6972322e6a7067223e, 10, 1);
INSERT INTO `TSHIRT` VALUES (59, 0x542d7368697274204a6f6b6572, '24.99', 6, 3, 0x3c696d67207372633d2270686f746f732f6a6f6b6572566572742f6a6f6b6572566572742e6a7067223e, 10, 1);
INSERT INTO `TSHIRT` VALUES (60, 0x542d7368697274204a6f6b6572, '24.99', 6, 3, 0x3c696d67207372633d2270686f746f732f6a6f6b6572566572742f6a6f6b657256657274322e6a7067223e, 10, 1);
INSERT INTO `TSHIRT` VALUES (61, 0x542d7368697274204c69636f726e65, '22.99', 2, 3, 0x3c696d67207372633d2270686f746f732f6c69636f726e65426c616e632f6c69636f726e65426c616e632e6a7067223e, 10, 2);
INSERT INTO `TSHIRT` VALUES (62, 0x542d7368697274204c69636f726e65, '22.99', 2, 3, 0x3c696d67207372633d2270686f746f732f6c69636f726e65426c616e632f6c69636f726e65426c616e63322e6a7067223e, 10, 2);
INSERT INTO `TSHIRT` VALUES (63, 0x542d7368697274204c69636f726e65, '22.99', 4, 3, 0x3c696d67207372633d2270686f746f732f6c69636f726e65526f7567652f6c69636f726e65526f7567652e6a7067223e, 10, 2);
INSERT INTO `TSHIRT` VALUES (64, 0x542d7368697274204c69636f726e65, '22.99', 4, 3, 0x3c696d67207372633d2270686f746f732f6c69636f726e65526f7567652f6c69636f726e65526f756765322e6a7067223e, 10, 2);
INSERT INTO `TSHIRT` VALUES (65, 0x542d7368697274204c69636f726e65, '22.99', 6, 3, 0x3c696d67207372633d2270686f746f732f6c69636f726e65566572742f6c69636f726e65566572742e6a7067223e, 10, 2);
INSERT INTO `TSHIRT` VALUES (66, 0x542d7368697274204c69636f726e65, '22.99', 6, 3, 0x3c696d67207372633d2270686f746f732f6c69636f726e65566572742f6c69636f726e6556657274322e6a7067223e, 10, 2);
INSERT INTO `TSHIRT` VALUES (67, 0x542d7368697274204c696e6b204f7572736f6e, '19.99', 2, 3, 0x3c696d67207372633d2270686f746f732f6c696e6b426c616e632f6c696e6b426c616e632e6a7067223e, 10, 2);
INSERT INTO `TSHIRT` VALUES (68, 0x542d7368697274204c696e6b204f7572736f6e, '19.99', 2, 3, 0x3c696d67207372633d2270686f746f732f6c696e6b426c616e632f6c696e6b426c616e63322e6a7067223e, 10, 2);
INSERT INTO `TSHIRT` VALUES (69, 0x542d7368697274204c696e6b204f7572736f6e, '19.99', 5, 3, 0x3c696d67207372633d2270686f746f732f6c696e6b426c65752f6c696e6b426c65752e6a7067223e, 10, 2);
INSERT INTO `TSHIRT` VALUES (70, 0x542d7368697274204c696e6b204f7572736f6e, '19.99', 5, 3, 0x3c696d67207372633d2270686f746f732f6c696e6b426c65752f6c696e6b426c6575322e6a7067223e, 10, 2);
INSERT INTO `TSHIRT` VALUES (71, 0x542d736869727420c383e280b0766f6c7574696f6e20536569676e6575722064657320616e6e6561757820, '19.99', 2, 3, 0x3c696d67207372633d2270686f746f732f6c6f7472426c616e632f6c6f7472426c616e632e6a7067223e, 10, 1);
INSERT INTO `TSHIRT` VALUES (72, 0x542d736869727420c383e280b0766f6c7574696f6e20536569676e6575722064657320616e6e65617578, '19.99', 2, 3, 0x3c696d67207372633d2270686f746f732f6c6f7472426c616e632f6c6f7472426c616e63322e6a7067223e, 10, 1);
INSERT INTO `TSHIRT` VALUES (73, 0x542d736869727420c383e280b0766f6c7574696f6e20536569676e6575722064657320616e6e6561757820, '19.99', 6, 3, 0x3c696d67207372633d2270686f746f732f6c6f7472566572742f6c6f7472566572742e6a7067223e, 10, 1);
INSERT INTO `TSHIRT` VALUES (74, 0x542d736869727420c383e280b0766f6c7574696f6e20536569676e6575722064657320616e6e65617578, '19.99', 6, 3, 0x3c696d67207372633d2270686f746f732f6c6f7472566572742f6c6f747256657274322e6a7067223e, 10, 1);
INSERT INTO `TSHIRT` VALUES (75, 0x542d7368697274204d6173717565206465204d616a6f7261, '24.99', 5, 3, 0x3c696d67207372633d2270686f746f732f6d616a6f426c65752f6d616a6f426c65752e6a7067223e, 10, 1);
INSERT INTO `TSHIRT` VALUES (76, 0x542d7368697274204d6173717565206465204d616a6f7261, '24.99', 5, 3, 0x3c696d67207372633d2270686f746f732f6d616a6f426c65752f6d616a6f426c6575322e6a7067223e, 10, 1);
INSERT INTO `TSHIRT` VALUES (77, 0x542d7368697274204d6173717565206465204d616a6f7261, '24.99', 3, 3, 0x3c696d67207372633d2270686f746f732f6d616a6f477269732f6d616a6f477269732e6a7067223e, 10, 1);
INSERT INTO `TSHIRT` VALUES (78, 0x542d7368697274204d6173717565206465204d616a6f7261, '24.99', 3, 3, 0x3c696d67207372633d2270686f746f732f6d616a6f477269732f6d616a6f47726973322e6a7067223e, 10, 1);
INSERT INTO `TSHIRT` VALUES (79, 0x542d7368697274204d6173717565206465204d616a6f7261, '24.99', 8, 3, 0x3c696d67207372633d2270686f746f732f6d616a6f4b616b692f6d616a6f4b616b692e6a7067223e, 10, 1);
INSERT INTO `TSHIRT` VALUES (80, 0x542d7368697274204d6173717565206465204d616a6f7261, '24.99', 8, 3, 0x3c696d67207372633d2270686f746f732f6d616a6f4b616b692f6d616a6f4b616b69322e6a7067223e, 10, 1);
INSERT INTO `TSHIRT` VALUES (81, 0x542d7368697274204d65657365656b73, '26.99', 5, 3, 0x3c696d67207372633d2270686f746f732f6d6565732f6d6565732e6a7067223e, 10, 1);
INSERT INTO `TSHIRT` VALUES (82, 0x542d7368697274204d65657365656b73, '26.99', 5, 3, 0x3c696d67207372633d2270686f746f732f6d6565732f6d656573322e6a7067223e, 10, 1);
INSERT INTO `TSHIRT` VALUES (83, 0x542d736869727420426c616e6368652d4e6569676520526f636b, '24.99', 3, 3, 0x3c696d67207372633d2270686f746f732f6d6f7274477269732f6d6f7274477269732e6a7067223e, 10, 2);
INSERT INTO `TSHIRT` VALUES (84, 0x542d736869727420426c616e6368652d4e6569676520526f636b, '24.99', 3, 3, 0x3c696d67207372633d2270686f746f732f6d6f7274477269732f6d6f727447726973322e6a7067223e, 10, 2);
INSERT INTO `TSHIRT` VALUES (85, 0x542d736869727420426c616e6368652d4e6569676520526f636b, '24.99', 4, 3, 0x3c696d67207372633d2270686f746f732f6d6f7274526f7567652f6d6f7274526f7567652e6a7067223e, 10, 2);
INSERT INTO `TSHIRT` VALUES (86, 0x542d736869727420426c616e6368652d4e6569676520526f636b, '24.99', 4, 3, 0x3c696d67207372633d2270686f746f732f6d6f7274526f7567652f6d6f7274526f756765322e6a7067223e, 10, 2);
INSERT INTO `TSHIRT` VALUES (87, 0x542d736869727420426c616e6368652d4e6569676520526f636b, '24.99', 11, 3, 0x3c696d67207372633d2270686f746f732f6d6f727456696f6c65742f6d6f727456696f6c65742e6a7067223e, 10, 2);
INSERT INTO `TSHIRT` VALUES (88, 0x542d736869727420426c616e6368652d4e6569676520526f636b, '24.99', 11, 3, 0x3c696d67207372633d2270686f746f732f6d6f727456696f6c65742f6d6f727456696f6c6574322e6a7067223e, 10, 2);
INSERT INTO `TSHIRT` VALUES (89, 0x542d7368697274204e657264, '22.99', 2, 3, 0x3c696d67207372633d2270686f746f732f6e657264426c616e632f6e657264426c616e632e6a7067223e, 10, 1);
INSERT INTO `TSHIRT` VALUES (90, 0x542d7368697274204e657264, '22.99', 2, 3, 0x3c696d67207372633d2270686f746f732f6e657264426c616e632f6e657264426c616e63322e6a7067223e, 10, 1);
INSERT INTO `TSHIRT` VALUES (91, 0x542d7368697274204e657264, '22.99', 5, 3, 0x3c696d67207372633d2270686f746f732f6e657264426c65752f6e657264426c65752e6a7067223e, 10, 1);
INSERT INTO `TSHIRT` VALUES (92, 0x542d7368697274204e657264, '22.99', 5, 3, 0x3c696d67207372633d2270686f746f732f6e657264426c65752f6e657264426c6575322e6a7067223e, 10, 1);
INSERT INTO `TSHIRT` VALUES (93, 0x542d736869727420506174726f6e756d, '26.99', 5, 3, 0x3c696d67207372633d2270686f746f732f706174726f426c65752f706174726f426c65752e6a7067223e, 10, 1);
INSERT INTO `TSHIRT` VALUES (94, 0x542d736869727420506174726f6e756d, '26.99', 5, 3, 0x3c696d67207372633d2270686f746f732f706174726f426c65752f706174726f426c6575322e6a7067223e, 10, 1);
INSERT INTO `TSHIRT` VALUES (95, 0x542d736869727420506174726f6e756d, '26.99', 10, 3, 0x3c696d67207372633d2270686f746f732f706174726f4379616e2f706174726f4379616e2e6a7067223e, 10, 1);
INSERT INTO `TSHIRT` VALUES (96, 0x542d736869727420506174726f6e756d, '26.99', 10, 3, 0x3c696d67207372633d2270686f746f732f706174726f4379616e2f706174726f4379616e322e6a7067223e, 10, 1);
INSERT INTO `TSHIRT` VALUES (97, 0x542d736869727420506174726f6e756d, '26.99', 1, 3, 0x3c696d67207372633d2270686f746f732f706174726f4e6f69722f706174726f4e6f69722e6a7067223e, 10, 1);
INSERT INTO `TSHIRT` VALUES (98, 0x542d736869727420506174726f6e756d, '26.99', 1, 3, 0x3c696d67207372633d2270686f746f732f706174726f4e6f69722f706174726f4e6f6972322e6a7067223e, 10, 1);
INSERT INTO `TSHIRT` VALUES (99, 0x542d73686972742052656c6971756573206465206c61204d6f7274, '24.99', 5, 3, 0x3c696d67207372633d2270686f746f732f72656c426c65752f72656c426c65752e6a7067223e, 10, 1);
INSERT INTO `TSHIRT` VALUES (100, 0x542d73686972742052656c6971756573206465206c61204d6f7274, '24.99', 5, 3, 0x3c696d67207372633d2270686f746f732f72656c426c65752f72656c426c6575322e6a7067223e, 10, 1);
INSERT INTO `TSHIRT` VALUES (101, 0x542d73686972742052656c6971756573206465206c61204d6f7274, '24.99', 3, 3, 0x3c696d67207372633d2270686f746f732f72656c477269732f72656c477269732e6a7067223e, 10, 1);
INSERT INTO `TSHIRT` VALUES (102, 0x542d73686972742052656c6971756573206465206c61204d6f7274, '24.99', 3, 3, 0x3c696d67207372633d2270686f746f732f72656c477269732f72656c47726973322e6a7067223e, 10, 1);
INSERT INTO `TSHIRT` VALUES (103, 0x542d73686972742052656c6971756573206465206c61204d6f7274, '24.99', 1, 3, 0x3c696d67207372633d2270686f746f732f72656c4e6f69722f72656c4e6f69722e6a7067223e, 10, 1);
INSERT INTO `TSHIRT` VALUES (104, 0x542d73686972742052656c6971756573206465206c61204d6f7274, '24.99', 1, 3, 0x3c696d67207372633d2270686f746f732f72656c4e6f69722f72656c4e6f6972322e6a7067223e, 10, 1);
INSERT INTO `TSHIRT` VALUES (105, 0x542d73686972742053696e6765, '24.99', 2, 3, 0x3c696d67207372633d2270686f746f732f73696e6765426c616e632f73696e6765426c616e632e6a7067223e, 10, 2);
INSERT INTO `TSHIRT` VALUES (106, 0x542d73686972742053696e6765, '24.99', 2, 3, 0x3c696d67207372633d2270686f746f732f73696e6765426c616e632f73696e6765426c616e63322e6a7067223e, 10, 2);
INSERT INTO `TSHIRT` VALUES (107, 0x542d736869727420537572662d4c6f7570, '26.99', 5, 3, 0x3c696d67207372633d2270686f746f732f73757266426c65752f73757266426c65752e6a7067223e, 10, 1);
INSERT INTO `TSHIRT` VALUES (108, 0x542d736869727420537572662d4c6f7570, '26.99', 5, 3, 0x3c696d67207372633d2270686f746f732f73757266426c65752f73757266426c6575322e6a7067223e, 10, 1);
INSERT INTO `TSHIRT` VALUES (109, 0x542d736869727420537572662d4c6f7570, '26.99', 3, 3, 0x3c696d67207372633d2270686f746f732f73757266477269732f73757266477269732e6a7067223e, 10, 1);
INSERT INTO `TSHIRT` VALUES (110, 0x542d736869727420537572662d4c6f7570, '26.99', 3, 3, 0x3c696d67207372633d2270686f746f732f73757266477269732f7375726647726973322e6a7067223e, 10, 1);
INSERT INTO `TSHIRT` VALUES (111, 0x542d736869727420537572662d4c6f7570, '26.99', 1, 1, 0x3c696d67207372633d2270686f746f732f737572664e6f69722f737572664e6f69722e6a7067223e, 10, 1);
INSERT INTO `TSHIRT` VALUES (112, 0x542d736869727420537572662d4c6f7570, '26.99', 1, 3, 0x3c696d67207372633d2270686f746f732f737572664e6f69722f737572664e6f6972322e6a7067223e, 10, 1);
INSERT INTO `TSHIRT` VALUES (113, 0x542d7368697274204974207761736e2774206d65, '26.99', 3, 3, 0x3c696d67207372633d2270686f746f732f7761736e74477269732f7761736e74477269732e6a7067223e, 10, 2);
INSERT INTO `TSHIRT` VALUES (114, 0x542d7368697274204974207761736e2774206d65, '26.99', 3, 3, 0x3c696d67207372633d2270686f746f732f7761736e74477269732f7761736e7447726973322e6a7067223e, 10, 2);
INSERT INTO `TSHIRT` VALUES (115, 0x542d7368697274204974207761736e2774206d65, '26.99', 4, 3, 0x3c696d67207372633d2270686f746f732f7761736e74526f7567652f7761736e74526f7567652e6a7067223e, 10, 2);
INSERT INTO `TSHIRT` VALUES (116, 0x542d7368697274204974207761736e2774206d65, '26.99', 4, 3, 0x3c696d67207372633d2270686f746f732f7761736e74526f7567652f7761736e74526f756765322e6a7067223e, 10, 2);
INSERT INTO `TSHIRT` VALUES (117, 0x542d7368697274204974207761736e2774206d65, '26.99', 11, 3, 0x3c696d67207372633d2270686f746f732f7761736e7456696f6c65742f7761736e7456696f6c65742e6a7067223e, 10, 2);
INSERT INTO `TSHIRT` VALUES (118, 0x542d7368697274204974207761736e2774206d65, '26.99', 11, 3, 0x3c696d67207372633d2270686f746f732f7761736e7456696f6c65742f7761736e7456696f6c6574322e6a7067223e, 10, 2);
INSERT INTO `TSHIRT` VALUES (119, 0x542d736869727420576f6e64657220576f6d616e, '24.99', 5, 3, 0x3c696d67207372633d2270686f746f732f776f6e646572426c65752f776f6e646572426c65752e6a7067223e, 10, 2);
INSERT INTO `TSHIRT` VALUES (120, 0x542d736869727420576f6e64657220576f6d616e, '24.99', 5, 3, 0x3c696d67207372633d2270686f746f732f776f6e646572426c65752f776f6e646572426c6575322e6a7067223e, 10, 2);
INSERT INTO `TSHIRT` VALUES (121, 0x542d736869727420576f6e64657220576f6d616e, '24.99', 3, 3, 0x3c696d67207372633d2270686f746f732f776f6e646572477269732f776f6e646572477269732e6a7067223e, 10, 2);
INSERT INTO `TSHIRT` VALUES (122, 0x542d736869727420576f6e64657220576f6d616e, '24.99', 3, 3, 0x3c696d67207372633d2270686f746f732f776f6e646572477269732f776f6e64657247726973322e6a7067223e, 10, 2);
INSERT INTO `TSHIRT` VALUES (123, 0x542d7368697274205a6f6d6269652046c383c2a96d696e69737465, '19.99', 2, 3, 0x3c696d67207372633d2270686f746f732f7a6f6d626965426c616e632f7a6f6d626965426c616e632e6a7067223e, 10, 2);
INSERT INTO `TSHIRT` VALUES (124, 0x542d7368697274205a6f6d6269652046c383c2a96d696e69737465, '19.99', 2, 3, 0x3c696d67207372633d2270686f746f732f7a6f6d626965426c616e632f7a6f6d626965426c616e63322e6a7067223e, 10, 2);
INSERT INTO `TSHIRT` VALUES (125, 0x542d7368697274205a6f6d6269652046c383c2a96d696e69737465, '19.99', 1, 3, 0x3c696d67207372633d2270686f746f732f7a6f6d6269654e6f69722f7a6f6d6269654e6f69722e6a7067223e, 10, 2);
INSERT INTO `TSHIRT` VALUES (126, 0x542d7368697274205a6f6d6269652046c383c2a96d696e69737465, '19.99', 1, 3, 0x3c696d67207372633d2270686f746f732f7a6f6d6269654e6f69722f7a6f6d6269654e6f6972322e6a7067223e, 10, 2);
INSERT INTO `TSHIRT` VALUES (127, 0x542d7368697274205a6f6d6269652046c383c2a96d696e69737465, '19.99', 4, 3, 0x3c696d67207372633d2270686f746f732f7a6f6d626965526f7567652f7a6f6d626965526f7567652e6a7067223e, 10, 2);
INSERT INTO `TSHIRT` VALUES (128, 0x542d7368697274205a6f6d6269652046c383c2a96d696e69737465, '19.99', 4, 3, 0x3c696d67207372633d2270686f746f732f7a6f6d626965526f7567652f7a6f6d626965526f756765322e6a7067223e, 10, 2);
